-- MySQL dump 10.13  Distrib 8.0.27, for macos11 (x86_64)
--
-- Host: localhost    Database: lavender
-- ------------------------------------------------------
-- Server version	8.0.27

/*!40101 SET @OLD_CHARACTER_SET_CLIENT=@@CHARACTER_SET_CLIENT */;
/*!40101 SET @OLD_CHARACTER_SET_RESULTS=@@CHARACTER_SET_RESULTS */;
/*!40101 SET @OLD_COLLATION_CONNECTION=@@COLLATION_CONNECTION */;
/*!50503 SET NAMES utf8 */;
/*!40103 SET @OLD_TIME_ZONE=@@TIME_ZONE */;
/*!40103 SET TIME_ZONE='+00:00' */;
/*!40014 SET @OLD_UNIQUE_CHECKS=@@UNIQUE_CHECKS, UNIQUE_CHECKS=0 */;
/*!40014 SET @OLD_FOREIGN_KEY_CHECKS=@@FOREIGN_KEY_CHECKS, FOREIGN_KEY_CHECKS=0 */;
/*!40101 SET @OLD_SQL_MODE=@@SQL_MODE, SQL_MODE='NO_AUTO_VALUE_ON_ZERO' */;
/*!40111 SET @OLD_SQL_NOTES=@@SQL_NOTES, SQL_NOTES=0 */;

--
-- Table structure for table `BAOHANH`
--

DROP TABLE IF EXISTS `BAOHANH`;
/*!40101 SET @saved_cs_client     = @@character_set_client */;
/*!50503 SET character_set_client = utf8mb4 */;
CREATE TABLE `BAOHANH` (
  `MABAOHANH` int NOT NULL AUTO_INCREMENT,
  `IMEI` varchar(20) CHARACTER SET utf8 COLLATE utf8_general_ci NOT NULL,
  `NGAYBAOHANH` datetime NOT NULL,
  `CHIPHI` float NOT NULL,
  `GHICHU` text,
  PRIMARY KEY (`MABAOHANH`),
  KEY `FK_REFERENCE_17` (`IMEI`),
  CONSTRAINT `FK_REFERENCE_17` FOREIGN KEY (`IMEI`) REFERENCES `CHITIETSANPHAM` (`IMEI`) ON DELETE RESTRICT ON UPDATE RESTRICT
) ENGINE=InnoDB DEFAULT CHARSET=utf8mb4 COLLATE=utf8mb4_0900_ai_ci;
/*!40101 SET character_set_client = @saved_cs_client */;

--
-- Dumping data for table `BAOHANH`
--

LOCK TABLES `BAOHANH` WRITE;
/*!40000 ALTER TABLE `BAOHANH` DISABLE KEYS */;
/*!40000 ALTER TABLE `BAOHANH` ENABLE KEYS */;
UNLOCK TABLES;

--
-- Table structure for table `CHITIETGIOHANG`
--

DROP TABLE IF EXISTS `CHITIETGIOHANG`;
/*!40101 SET @saved_cs_client     = @@character_set_client */;
/*!50503 SET character_set_client = utf8mb4 */;
CREATE TABLE `CHITIETGIOHANG` (
  `MAGIOHANG` int NOT NULL,
  `MASANPHAM` int NOT NULL,
  `SOLUONG` int DEFAULT NULL,
  `DUNGLUONG` varchar(45) NOT NULL,
  `MAUSAC` varchar(100) CHARACTER SET utf8 COLLATE utf8_general_ci NOT NULL,
  PRIMARY KEY (`MAGIOHANG`,`MASANPHAM`,`DUNGLUONG`,`MAUSAC`),
  KEY `FK_REFERENCE_5` (`MASANPHAM`),
  CONSTRAINT `FK_REFERENCE_20` FOREIGN KEY (`MAGIOHANG`) REFERENCES `GIOHANG` (`MAGIOHANG`),
  CONSTRAINT `FK_REFERENCE_5` FOREIGN KEY (`MASANPHAM`) REFERENCES `SANPHAM` (`MASANPHAM`) ON DELETE RESTRICT ON UPDATE RESTRICT
) ENGINE=InnoDB DEFAULT CHARSET=utf8mb4 COLLATE=utf8mb4_0900_ai_ci;
/*!40101 SET character_set_client = @saved_cs_client */;

--
-- Dumping data for table `CHITIETGIOHANG`
--

LOCK TABLES `CHITIETGIOHANG` WRITE;
/*!40000 ALTER TABLE `CHITIETGIOHANG` DISABLE KEYS */;
INSERT INTO `CHITIETGIOHANG` VALUES (7,1,1,'512GB','Xanh nước'),(8,1,3,'1T','Xanh lá');
/*!40000 ALTER TABLE `CHITIETGIOHANG` ENABLE KEYS */;
UNLOCK TABLES;

--
-- Table structure for table `CHITIETHOADON`
--

DROP TABLE IF EXISTS `CHITIETHOADON`;
/*!40101 SET @saved_cs_client     = @@character_set_client */;
/*!50503 SET character_set_client = utf8mb4 */;
CREATE TABLE `CHITIETHOADON` (
  `SOHOADON` int NOT NULL,
  `IMEI` varchar(20) CHARACTER SET utf8 COLLATE utf8_general_ci NOT NULL,
  `TIEN` float NOT NULL,
  PRIMARY KEY (`SOHOADON`,`IMEI`),
  KEY `FK_REFERENCE_15` (`IMEI`),
  CONSTRAINT `FK_REFERENCE_15` FOREIGN KEY (`IMEI`) REFERENCES `CHITIETSANPHAM` (`IMEI`) ON DELETE RESTRICT ON UPDATE RESTRICT,
  CONSTRAINT `FK_REFERENCE_6` FOREIGN KEY (`SOHOADON`) REFERENCES `HOADON` (`SOHOADON`) ON DELETE RESTRICT ON UPDATE RESTRICT
) ENGINE=InnoDB DEFAULT CHARSET=utf8mb4 COLLATE=utf8mb4_0900_ai_ci;
/*!40101 SET character_set_client = @saved_cs_client */;

--
-- Dumping data for table `CHITIETHOADON`
--

LOCK TABLES `CHITIETHOADON` WRITE;
/*!40000 ALTER TABLE `CHITIETHOADON` DISABLE KEYS */;
INSERT INTO `CHITIETHOADON` VALUES (65,'1231231',31323200);
/*!40000 ALTER TABLE `CHITIETHOADON` ENABLE KEYS */;
UNLOCK TABLES;

--
-- Table structure for table `CHITIETSANPHAM`
--

DROP TABLE IF EXISTS `CHITIETSANPHAM`;
/*!40101 SET @saved_cs_client     = @@character_set_client */;
/*!50503 SET character_set_client = utf8mb4 */;
CREATE TABLE `CHITIETSANPHAM` (
  `IMEI` varchar(20) CHARACTER SET utf8 COLLATE utf8_general_ci NOT NULL,
  `MASANPHAM` int NOT NULL,
  `NGAYSANXUAT` datetime NOT NULL,
  `TINHTRANG` varchar(30) CHARACTER SET utf8 COLLATE utf8_general_ci NOT NULL,
  `MAUSAC` varchar(45) CHARACTER SET utf8 COLLATE utf8_general_ci NOT NULL,
  `DUNGLUONG` varchar(45) DEFAULT NULL,
  `GIAMOI` float DEFAULT NULL,
  `IMAGE` varchar(45) DEFAULT NULL,
  PRIMARY KEY (`IMEI`),
  KEY `CHITIETSANPHAM_MAUSAC_FK_idx` (`MAUSAC`),
  KEY `CHITIETSANPHAM_DUNGLUONG_FK_idx` (`DUNGLUONG`),
  KEY `CHITIETSANPHAM_MASANPHAM_FK_idx` (`MASANPHAM`),
  CONSTRAINT `CHITIETSANPHAM_MASANPHAM_FK` FOREIGN KEY (`MASANPHAM`) REFERENCES `SANPHAM` (`MASANPHAM`) ON DELETE CASCADE
) ENGINE=InnoDB DEFAULT CHARSET=utf8mb4 COLLATE=utf8mb4_0900_ai_ci;
/*!40101 SET character_set_client = @saved_cs_client */;

--
-- Dumping data for table `CHITIETSANPHAM`
--

LOCK TABLES `CHITIETSANPHAM` WRITE;
/*!40000 ALTER TABLE `CHITIETSANPHAM` DISABLE KEYS */;
INSERT INTO `CHITIETSANPHAM` VALUES ('1',1,'2021-11-11 00:00:00','Sẵn có','Xanh lá','1T',24590000,'/mobile/Apple/iPhone/13/Xanh lá'),('1231231',1,'2021-12-02 07:00:00','Đã bán','Xanh nước','512GB',31323200,'/mobile/Apple/iPhone/13/Xanh nước'),('1516213156',1,'2021-12-03 07:00:00','Sẵn có','Xanh nước','1T',22999000,'/mobile/Apple/iPhone/13/Xanh nước');
/*!40000 ALTER TABLE `CHITIETSANPHAM` ENABLE KEYS */;
UNLOCK TABLES;

--
-- Table structure for table `CHITIETVANCHUYEN`
--

DROP TABLE IF EXISTS `CHITIETVANCHUYEN`;
/*!40101 SET @saved_cs_client     = @@character_set_client */;
/*!50503 SET character_set_client = utf8mb4 */;
CREATE TABLE `CHITIETVANCHUYEN` (
  `MACHITIETVANCHUYEN` int NOT NULL AUTO_INCREMENT,
  `MAVANCHUYEN` int NOT NULL,
  `THOIDIEM` datetime NOT NULL,
  `TRANGTHAI` text NOT NULL,
  PRIMARY KEY (`MACHITIETVANCHUYEN`,`MAVANCHUYEN`),
  KEY `FK_REFERENCE_19` (`MAVANCHUYEN`),
  CONSTRAINT `FK_REFERENCE_19` FOREIGN KEY (`MAVANCHUYEN`) REFERENCES `VANCHUYEN` (`MAVANCHUYEN`) ON DELETE RESTRICT ON UPDATE RESTRICT
) ENGINE=InnoDB DEFAULT CHARSET=utf8mb4 COLLATE=utf8mb4_0900_ai_ci;
/*!40101 SET character_set_client = @saved_cs_client */;

--
-- Dumping data for table `CHITIETVANCHUYEN`
--

LOCK TABLES `CHITIETVANCHUYEN` WRITE;
/*!40000 ALTER TABLE `CHITIETVANCHUYEN` DISABLE KEYS */;
/*!40000 ALTER TABLE `CHITIETVANCHUYEN` ENABLE KEYS */;
UNLOCK TABLES;

--
-- Table structure for table `DANHGIA`
--

DROP TABLE IF EXISTS `DANHGIA`;
/*!40101 SET @saved_cs_client     = @@character_set_client */;
/*!50503 SET character_set_client = utf8mb4 */;
CREATE TABLE `DANHGIA` (
  `MADANHGIA` int NOT NULL AUTO_INCREMENT,
  `MASANPHAM` int NOT NULL,
  `MAKHACHHANG` int NOT NULL,
  `NOIDUNG` text,
  `SOSAO` int NOT NULL,
  `THOIGIAN` datetime NOT NULL,
  `IMAGE` text,
  PRIMARY KEY (`MADANHGIA`),
  KEY `FK_REFERENCE_11` (`MASANPHAM`),
  KEY `FK_REFERENCE_12` (`MAKHACHHANG`),
  CONSTRAINT `FK_REFERENCE_11` FOREIGN KEY (`MASANPHAM`) REFERENCES `SANPHAM` (`MASANPHAM`) ON DELETE RESTRICT ON UPDATE RESTRICT,
  CONSTRAINT `FK_REFERENCE_12` FOREIGN KEY (`MAKHACHHANG`) REFERENCES `KHACHHANG` (`MAKHACHHANG`) ON DELETE RESTRICT ON UPDATE RESTRICT
) ENGINE=InnoDB AUTO_INCREMENT=7 DEFAULT CHARSET=utf8mb4 COLLATE=utf8mb4_0900_ai_ci;
/*!40101 SET character_set_client = @saved_cs_client */;

--
-- Dumping data for table `DANHGIA`
--

LOCK TABLES `DANHGIA` WRITE;
/*!40000 ALTER TABLE `DANHGIA` DISABLE KEYS */;
INSERT INTO `DANHGIA` VALUES (5,1,1,'asdasd',4,'2021-12-06 21:35:52','/danhgia'),(6,1,14,'tot',5,'2021-12-16 21:00:50','/danhgia');
/*!40000 ALTER TABLE `DANHGIA` ENABLE KEYS */;
UNLOCK TABLES;

--
-- Table structure for table `DANHSACHYEUTHICH`
--

DROP TABLE IF EXISTS `DANHSACHYEUTHICH`;
/*!40101 SET @saved_cs_client     = @@character_set_client */;
/*!50503 SET character_set_client = utf8mb4 */;
CREATE TABLE `DANHSACHYEUTHICH` (
  `MAKHACHHANG` int NOT NULL,
  `MASANPHAM` int NOT NULL,
  PRIMARY KEY (`MAKHACHHANG`,`MASANPHAM`),
  KEY `MAKHACHHANG_FK_idx` (`MAKHACHHANG`),
  KEY `MASANPHAM_FK_idx` (`MASANPHAM`),
  CONSTRAINT `FK_DANHSACHYEUTHICH_KHACHHANG_MAKHACHHANG` FOREIGN KEY (`MAKHACHHANG`) REFERENCES `KHACHHANG` (`MAKHACHHANG`),
  CONSTRAINT `FK_DANHSACHYEUTHICH_KHACHHANG_MASANPHAM` FOREIGN KEY (`MASANPHAM`) REFERENCES `SANPHAM` (`MASANPHAM`)
) ENGINE=InnoDB DEFAULT CHARSET=utf8mb4 COLLATE=utf8mb4_0900_ai_ci;
/*!40101 SET character_set_client = @saved_cs_client */;

--
-- Dumping data for table `DANHSACHYEUTHICH`
--

LOCK TABLES `DANHSACHYEUTHICH` WRITE;
/*!40000 ALTER TABLE `DANHSACHYEUTHICH` DISABLE KEYS */;
INSERT INTO `DANHSACHYEUTHICH` VALUES (1,1),(1,30),(14,1);
/*!40000 ALTER TABLE `DANHSACHYEUTHICH` ENABLE KEYS */;
UNLOCK TABLES;

--
-- Table structure for table `GIOHANG`
--

DROP TABLE IF EXISTS `GIOHANG`;
/*!40101 SET @saved_cs_client     = @@character_set_client */;
/*!50503 SET character_set_client = utf8mb4 */;
CREATE TABLE `GIOHANG` (
  `MAGIOHANG` int NOT NULL AUTO_INCREMENT,
  `MAKHACHHANG` int NOT NULL,
  `TONGTIEN` float NOT NULL,
  PRIMARY KEY (`MAGIOHANG`),
  KEY `FK_REFERENCE_13` (`MAKHACHHANG`),
  CONSTRAINT `FK_REFERENCE_13` FOREIGN KEY (`MAKHACHHANG`) REFERENCES `KHACHHANG` (`MAKHACHHANG`) ON DELETE RESTRICT ON UPDATE RESTRICT
) ENGINE=InnoDB AUTO_INCREMENT=9 DEFAULT CHARSET=utf8mb4 COLLATE=utf8mb4_0900_ai_ci;
/*!40101 SET character_set_client = @saved_cs_client */;

--
-- Dumping data for table `GIOHANG`
--

LOCK TABLES `GIOHANG` WRITE;
/*!40000 ALTER TABLE `GIOHANG` DISABLE KEYS */;
INSERT INTO `GIOHANG` VALUES (7,1,0),(8,12,0);
/*!40000 ALTER TABLE `GIOHANG` ENABLE KEYS */;
UNLOCK TABLES;

--
-- Table structure for table `HOADON`
--

DROP TABLE IF EXISTS `HOADON`;
/*!40101 SET @saved_cs_client     = @@character_set_client */;
/*!50503 SET character_set_client = utf8mb4 */;
CREATE TABLE `HOADON` (
  `SOHOADON` int NOT NULL AUTO_INCREMENT,
  `MAKHACHHANG` int NOT NULL,
  `MAKHUYENMAI` int DEFAULT NULL,
  `NGAYHOADON` datetime DEFAULT NULL,
  `MANHANVIEN` int DEFAULT NULL,
  `TONGTIEN` float DEFAULT NULL,
  PRIMARY KEY (`SOHOADON`),
  KEY `FK_REFERENCE_7` (`MAKHACHHANG`),
  KEY `FK_REFERENCE_8` (`MAKHUYENMAI`),
  KEY `FK_REFERENCE_16` (`MANHANVIEN`),
  CONSTRAINT `FK_REFERENCE_16` FOREIGN KEY (`MANHANVIEN`) REFERENCES `NHANVIEN` (`MANHANVIEN`) ON DELETE RESTRICT ON UPDATE RESTRICT,
  CONSTRAINT `FK_REFERENCE_7` FOREIGN KEY (`MAKHACHHANG`) REFERENCES `KHACHHANG` (`MAKHACHHANG`) ON DELETE RESTRICT ON UPDATE RESTRICT,
  CONSTRAINT `FK_REFERENCE_8` FOREIGN KEY (`MAKHUYENMAI`) REFERENCES `KHUYENMAI` (`MAKHUYENMAI`) ON DELETE RESTRICT ON UPDATE RESTRICT
) ENGINE=InnoDB AUTO_INCREMENT=66 DEFAULT CHARSET=utf8mb4 COLLATE=utf8mb4_0900_ai_ci;
/*!40101 SET character_set_client = @saved_cs_client */;

--
-- Dumping data for table `HOADON`
--

LOCK TABLES `HOADON` WRITE;
/*!40000 ALTER TABLE `HOADON` DISABLE KEYS */;
INSERT INTO `HOADON` VALUES (65,14,NULL,'2021-12-16 20:57:38',NULL,31323200);
/*!40000 ALTER TABLE `HOADON` ENABLE KEYS */;
UNLOCK TABLES;

--
-- Table structure for table `KHACHHANG`
--

DROP TABLE IF EXISTS `KHACHHANG`;
/*!40101 SET @saved_cs_client     = @@character_set_client */;
/*!50503 SET character_set_client = utf8mb4 */;
CREATE TABLE `KHACHHANG` (
  `MAKHACHHANG` int NOT NULL AUTO_INCREMENT,
  `TENKHACHHANG` varchar(100) CHARACTER SET utf8 COLLATE utf8_general_ci DEFAULT NULL,
  `EMAIL` varchar(30) CHARACTER SET utf8 COLLATE utf8_general_ci NOT NULL,
  `SODIENTHOAI` varchar(20) CHARACTER SET utf8 COLLATE utf8_general_ci DEFAULT NULL,
  `DIACHI` varchar(200) CHARACTER SET utf8 COLLATE utf8_general_ci DEFAULT NULL,
  `NGAYSINH` datetime DEFAULT NULL,
  `LOAIKHACHHANG` varchar(30) CHARACTER SET utf8 COLLATE utf8_general_ci DEFAULT NULL,
  `IMAGE` varchar(1000) DEFAULT NULL,
  `CCCD` varchar(45) DEFAULT NULL,
  PRIMARY KEY (`MAKHACHHANG`)
) ENGINE=InnoDB AUTO_INCREMENT=15 DEFAULT CHARSET=utf8mb4 COLLATE=utf8mb4_0900_ai_ci;
/*!40101 SET character_set_client = @saved_cs_client */;

--
-- Dumping data for table `KHACHHANG`
--

LOCK TABLES `KHACHHANG` WRITE;
/*!40000 ALTER TABLE `KHACHHANG` DISABLE KEYS */;
INSERT INTO `KHACHHANG` VALUES (1,'Lê Mai Duy Khánh','19521678@gm.uit.edu.vn','0914630149','Lâm Đồng','2001-01-27 07:00:00','Thành viên','/khachhang','123'),(12,'1','khanhlemaiduy123@gmail.com','1',NULL,'2021-12-13 07:00:00','Thành viên',NULL,NULL),(14,'Khánh Lê Mai Duy','19521679@gm.uit.edu.vn',NULL,NULL,NULL,'Thành viên','https://lh3.googleusercontent.com/a/AATXAJwjrxSh5IR4-lahtU5ISOFQm9ckXuFj5LRxKWc=s96-c',NULL);
/*!40000 ALTER TABLE `KHACHHANG` ENABLE KEYS */;
UNLOCK TABLES;

--
-- Table structure for table `KHACHHANGDANGNHAP`
--

DROP TABLE IF EXISTS `KHACHHANGDANGNHAP`;
/*!40101 SET @saved_cs_client     = @@character_set_client */;
/*!50503 SET character_set_client = utf8mb4 */;
CREATE TABLE `KHACHHANGDANGNHAP` (
  `REFRESHTOKEN` varchar(1000) CHARACTER SET utf8 COLLATE utf8_general_ci NOT NULL,
  `MAKHACHHANG` int NOT NULL,
  `IP` varchar(45) DEFAULT NULL,
  `LOCATION` varchar(45) DEFAULT NULL,
  PRIMARY KEY (`REFRESHTOKEN`),
  KEY `FK_KHACHHANGDANGNHAP_TAIKHOANKHACHHANG_idx` (`MAKHACHHANG`),
  CONSTRAINT `FK_KHACHHANGDANGNHAP_KHACHHANG` FOREIGN KEY (`MAKHACHHANG`) REFERENCES `KHACHHANG` (`MAKHACHHANG`)
) ENGINE=InnoDB DEFAULT CHARSET=utf8mb4 COLLATE=utf8mb4_0900_ai_ci;
/*!40101 SET character_set_client = @saved_cs_client */;

--
-- Dumping data for table `KHACHHANGDANGNHAP`
--

LOCK TABLES `KHACHHANGDANGNHAP` WRITE;
/*!40000 ALTER TABLE `KHACHHANGDANGNHAP` DISABLE KEYS */;
INSERT INTO `KHACHHANGDANGNHAP` VALUES ('eyJhbGciOiJIUzI1NiIsInR5cCI6IkpXVCJ9.eyJ1bmlxdWVfbmFtZSI6IjE0Iiwicm9sZSI6IkdVRVNUIiwibmJmIjoxNjM5Njc2OTg1LCJleHAiOjE2NDA1NDA5ODUsImlhdCI6MTYzOTY3Njk4NX0.DFu5kR45JmOlA_gefOZjgSV8QTXhFeNDFIBvJPkjK-Q',14,NULL,NULL),('eyJhbGciOiJIUzI1NiIsInR5cCI6IkpXVCJ9.eyJ1bmlxdWVfbmFtZSI6IjE0Iiwicm9sZSI6IkdVRVNUIiwibmJmIjoxNjM5NjYxMDIzLCJleHAiOjE2NDA1MjUwMjMsImlhdCI6MTYzOTY2MTAyM30.2uHeKnVPjRMcNbCYL2-4FxZ2SM-cRNwo6R1_22395JU',14,NULL,NULL),('eyJhbGciOiJIUzI1NiIsInR5cCI6IkpXVCJ9.eyJ1bmlxdWVfbmFtZSI6IjE0Iiwicm9sZSI6IkdVRVNUIiwibmJmIjoxNjM5NjYxNTc1LCJleHAiOjE2NDA1MjU1NzUsImlhdCI6MTYzOTY2MTU3NX0.m8R13pXxmn8Z9oFiuiskc0ngirQPs7C46dvm7k84Qio',14,NULL,NULL),('eyJhbGciOiJIUzI1NiIsInR5cCI6IkpXVCJ9.eyJ1bmlxdWVfbmFtZSI6IjE0Iiwicm9sZSI6IkdVRVNUIiwibmJmIjoxNjM5NjYxNTM2LCJleHAiOjE2NDA1MjU1MzYsImlhdCI6MTYzOTY2MTUzNn0.LHP-LAyLUQEpT2tVENP3L6oyTebd0Y_lZ5tbObpIdHY',14,NULL,NULL),('eyJhbGciOiJIUzI1NiIsInR5cCI6IkpXVCJ9.eyJ1bmlxdWVfbmFtZSI6IjEyIiwicm9sZSI6IkdVRVNUIiwibmJmIjoxNjM5NjU4ODkwLCJleHAiOjE2NDA1MjI4OTAsImlhdCI6MTYzOTY1ODg5MH0.4r3vvGCqPTC9kSEwdaq0Hox5-5ZHyYPvxevDGfmviFU',12,NULL,NULL);
/*!40000 ALTER TABLE `KHACHHANGDANGNHAP` ENABLE KEYS */;
UNLOCK TABLES;

--
-- Table structure for table `KHUYENMAI`
--

DROP TABLE IF EXISTS `KHUYENMAI`;
/*!40101 SET @saved_cs_client     = @@character_set_client */;
/*!50503 SET character_set_client = utf8mb4 */;
CREATE TABLE `KHUYENMAI` (
  `MAKHUYENMAI` int NOT NULL AUTO_INCREMENT,
  `TENKHUYENMAI` varchar(30) NOT NULL,
  `TILEKHUYENMAI` float NOT NULL,
  `NGAYBATDAU` datetime NOT NULL,
  `NGAYKETTHUC` datetime NOT NULL,
  `DIEUKIEN` varchar(4000) CHARACTER SET utf8 COLLATE utf8_general_ci DEFAULT NULL,
  PRIMARY KEY (`MAKHUYENMAI`)
) ENGINE=InnoDB AUTO_INCREMENT=3 DEFAULT CHARSET=utf8mb4 COLLATE=utf8mb4_0900_ai_ci;
/*!40101 SET character_set_client = @saved_cs_client */;

--
-- Dumping data for table `KHUYENMAI`
--

LOCK TABLES `KHUYENMAI` WRITE;
/*!40000 ALTER TABLE `KHUYENMAI` DISABLE KEYS */;
INSERT INTO `KHUYENMAI` VALUES (1,'12 tháng 12',0.2,'2021-11-15 00:00:00','2021-12-15 00:00:00','Áp dụng cho tất cả đơn hàng'),(2,'11 tháng 11',0.1,'2021-10-30 00:00:00','2021-11-15 00:00:00','Áp dụng cho tất cả đơn hàng');
/*!40000 ALTER TABLE `KHUYENMAI` ENABLE KEYS */;
UNLOCK TABLES;

--
-- Table structure for table `KHUYENMAICUATOI`
--

DROP TABLE IF EXISTS `KHUYENMAICUATOI`;
/*!40101 SET @saved_cs_client     = @@character_set_client */;
/*!50503 SET character_set_client = utf8mb4 */;
CREATE TABLE `KHUYENMAICUATOI` (
  `MAKHACHHANG` int NOT NULL,
  `MAKHUYENMAI` int NOT NULL,
  `NGAYTHEM` datetime DEFAULT NULL,
  PRIMARY KEY (`MAKHACHHANG`,`MAKHUYENMAI`),
  KEY `FK_KHACHHANG_KHUYENMAI_MAKHUYENMAI_idx` (`MAKHUYENMAI`),
  CONSTRAINT `FK_KHACHHANG_KHUYENMAI_MAKHACHHANG` FOREIGN KEY (`MAKHACHHANG`) REFERENCES `KHACHHANG` (`MAKHACHHANG`),
  CONSTRAINT `FK_KHACHHANG_KHUYENMAI_MAKHUYENMAI` FOREIGN KEY (`MAKHUYENMAI`) REFERENCES `KHUYENMAI` (`MAKHUYENMAI`)
) ENGINE=InnoDB DEFAULT CHARSET=utf8mb4 COLLATE=utf8mb4_0900_ai_ci;
/*!40101 SET character_set_client = @saved_cs_client */;

--
-- Dumping data for table `KHUYENMAICUATOI`
--

LOCK TABLES `KHUYENMAICUATOI` WRITE;
/*!40000 ALTER TABLE `KHUYENMAICUATOI` DISABLE KEYS */;
INSERT INTO `KHUYENMAICUATOI` VALUES (1,1,'2021-11-24 00:00:00');
/*!40000 ALTER TABLE `KHUYENMAICUATOI` ENABLE KEYS */;
UNLOCK TABLES;

--
-- Table structure for table `LOAISANPHAM`
--

DROP TABLE IF EXISTS `LOAISANPHAM`;
/*!40101 SET @saved_cs_client     = @@character_set_client */;
/*!50503 SET character_set_client = utf8mb4 */;
CREATE TABLE `LOAISANPHAM` (
  `MALOAI` int NOT NULL AUTO_INCREMENT,
  `TENLOAI` varchar(30) CHARACTER SET utf8 COLLATE utf8_general_ci NOT NULL,
  PRIMARY KEY (`MALOAI`)
) ENGINE=InnoDB AUTO_INCREMENT=3 DEFAULT CHARSET=utf8mb4 COLLATE=utf8mb4_0900_ai_ci;
/*!40101 SET character_set_client = @saved_cs_client */;

--
-- Dumping data for table `LOAISANPHAM`
--

LOCK TABLES `LOAISANPHAM` WRITE;
/*!40000 ALTER TABLE `LOAISANPHAM` DISABLE KEYS */;
INSERT INTO `LOAISANPHAM` VALUES (1,'Điện thoại'),(2,'Laptop');
/*!40000 ALTER TABLE `LOAISANPHAM` ENABLE KEYS */;
UNLOCK TABLES;

--
-- Table structure for table `NHACUNGCAP`
--

DROP TABLE IF EXISTS `NHACUNGCAP`;
/*!40101 SET @saved_cs_client     = @@character_set_client */;
/*!50503 SET character_set_client = utf8mb4 */;
CREATE TABLE `NHACUNGCAP` (
  `MANHACUNGCAP` int NOT NULL AUTO_INCREMENT,
  `TENNHACUNGCAP` varchar(100) CHARACTER SET utf8 COLLATE utf8_general_ci NOT NULL,
  `EMAIL` varchar(100) CHARACTER SET utf8 COLLATE utf8_general_ci NOT NULL,
  `SODIENTHOAI` varchar(20) CHARACTER SET utf8 COLLATE utf8_general_ci NOT NULL,
  `DIACHI` varchar(200) CHARACTER SET utf8 COLLATE utf8_general_ci NOT NULL,
  `IMAGE` varchar(45) DEFAULT NULL,
  PRIMARY KEY (`MANHACUNGCAP`)
) ENGINE=InnoDB AUTO_INCREMENT=3 DEFAULT CHARSET=utf8mb4 COLLATE=utf8mb4_0900_ai_ci;
/*!40101 SET character_set_client = @saved_cs_client */;

--
-- Dumping data for table `NHACUNGCAP`
--

LOCK TABLES `NHACUNGCAP` WRITE;
/*!40000 ALTER TABLE `NHACUNGCAP` DISABLE KEYS */;
INSERT INTO `NHACUNGCAP` VALUES (1,'Apple','apple@apple.com','123456789','LosA','/nhacungcap'),(2,'Samsung','khanhlemaiduy123@gmail.com','0145','12','/nhacungcap');
/*!40000 ALTER TABLE `NHACUNGCAP` ENABLE KEYS */;
UNLOCK TABLES;

--
-- Table structure for table `NHANVIEN`
--

DROP TABLE IF EXISTS `NHANVIEN`;
/*!40101 SET @saved_cs_client     = @@character_set_client */;
/*!50503 SET character_set_client = utf8mb4 */;
CREATE TABLE `NHANVIEN` (
  `MANHANVIEN` int NOT NULL AUTO_INCREMENT,
  `TENNHANVIEN` varchar(30) CHARACTER SET utf8 COLLATE utf8_general_ci NOT NULL,
  `EMAIL` varchar(30) CHARACTER SET utf8 COLLATE utf8_general_ci NOT NULL,
  `SODIENTHOAI` varchar(20) CHARACTER SET utf8 COLLATE utf8_general_ci NOT NULL,
  `DIACHI` varchar(200) CHARACTER SET utf8 COLLATE utf8_general_ci NOT NULL,
  `NGAYVAOLAM` datetime NOT NULL,
  `CCCD` varchar(20) CHARACTER SET utf8 COLLATE utf8_general_ci NOT NULL,
  `NGAYSINH` datetime NOT NULL,
  `CHUCVU` varchar(20) CHARACTER SET utf8 COLLATE utf8_general_ci NOT NULL,
  `IMAGE` varchar(45) DEFAULT NULL,
  PRIMARY KEY (`MANHANVIEN`)
) ENGINE=InnoDB AUTO_INCREMENT=6 DEFAULT CHARSET=utf8mb4 COLLATE=utf8mb4_0900_ai_ci;
/*!40101 SET character_set_client = @saved_cs_client */;

--
-- Dumping data for table `NHANVIEN`
--

LOCK TABLES `NHANVIEN` WRITE;
/*!40000 ALTER TABLE `NHANVIEN` DISABLE KEYS */;
INSERT INTO `NHANVIEN` VALUES (1,'Khánh','khanhlemaiduy123@gmail.com','0914630145','Lâm Đồng','2021-11-14 07:00:00','123456789','2020-12-31 07:00:00','Giám đốc','/nhanvien'),(4,'Khánh','khanhlemaiduy123@gmail.com','0914630145','Lâm Đồng','2021-11-14 07:00:00','123456789','2020-12-31 07:00:00','Giám đốc','/nhanvien'),(5,'Khánh','khanhlemaiduy123@gmail.com','0914630145','Lâm Đồng','2021-11-14 07:00:00','123456789','2020-12-31 07:00:00','Giám đốc','/nhanvien');
/*!40000 ALTER TABLE `NHANVIEN` ENABLE KEYS */;
UNLOCK TABLES;

--
-- Table structure for table `NHANVIENDANGNHAP`
--

DROP TABLE IF EXISTS `NHANVIENDANGNHAP`;
/*!40101 SET @saved_cs_client     = @@character_set_client */;
/*!50503 SET character_set_client = utf8mb4 */;
CREATE TABLE `NHANVIENDANGNHAP` (
  `REFRESHTOKEN` varchar(1000) CHARACTER SET utf8 COLLATE utf8_general_ci NOT NULL,
  `MANHANVIEN` int NOT NULL,
  `IP` varchar(45) DEFAULT NULL,
  `LOCATION` varchar(1024) DEFAULT NULL,
  PRIMARY KEY (`REFRESHTOKEN`),
  KEY `FK_NHANVIENDANGNHAP_NHANVIEN_idx` (`MANHANVIEN`),
  CONSTRAINT `FK_NHANVIENDANGNHAP_NHANVIEN` FOREIGN KEY (`MANHANVIEN`) REFERENCES `NHANVIEN` (`MANHANVIEN`)
) ENGINE=InnoDB DEFAULT CHARSET=utf8mb4 COLLATE=utf8mb4_0900_ai_ci;
/*!40101 SET character_set_client = @saved_cs_client */;

--
-- Dumping data for table `NHANVIENDANGNHAP`
--

LOCK TABLES `NHANVIENDANGNHAP` WRITE;
/*!40000 ALTER TABLE `NHANVIENDANGNHAP` DISABLE KEYS */;
INSERT INTO `NHANVIENDANGNHAP` VALUES ('eyJhbGciOiJIUzI1NiIsInR5cCI6IkpXVCJ9.eyJ1bmlxdWVfbmFtZSI6IjEiLCJyb2xlIjoiQURNSU5JU1RSQVRPUiIsIm5iZiI6MTYzOTQ3MzY1MCwiZXhwIjoxNjQwMzM3NjUwLCJpYXQiOjE2Mzk0NzM2NTB9.92g7ynjlUbaftNrr3nIlROETd3bKe9czrDSp0do4gOk',1,NULL,NULL),('eyJhbGciOiJIUzI1NiIsInR5cCI6IkpXVCJ9.eyJ1bmlxdWVfbmFtZSI6IjEiLCJyb2xlIjoiQURNSU5JU1RSQVRPUiIsIm5iZiI6MTYzOTQ4MzI1MSwiZXhwIjoxNjM5NDgzMjUxLCJpYXQiOjE2Mzk0ODMyNTF9.FHUucI7pBSSfmGVFmaaqeQ0JaNpLo4xGCouOVey-YYk',1,NULL,NULL),('eyJhbGciOiJIUzI1NiIsInR5cCI6IkpXVCJ9.eyJ1bmlxdWVfbmFtZSI6IjEiLCJyb2xlIjoiQURNSU5JU1RSQVRPUiIsIm5iZiI6MTYzOTQ4MzM5MiwiZXhwIjoxNjQwMzQ3MzkyLCJpYXQiOjE2Mzk0ODMzOTJ9.8nki0kMKMalI81rmTAVUR_UZ72IosNH4v2fFTOf074Y',1,NULL,NULL),('eyJhbGciOiJIUzI1NiIsInR5cCI6IkpXVCJ9.eyJ1bmlxdWVfbmFtZSI6IjEiLCJyb2xlIjoiQURNSU5JU1RSQVRPUiIsIm5iZiI6MTYzOTQ4MzMzOCwiZXhwIjoxNjQwMzQ3MzM4LCJpYXQiOjE2Mzk0ODMzMzh9.DaUPTkOsqE8u68AYUfWhe7AoEo8vgELONnCTuIBd_3U',1,NULL,NULL),('eyJhbGciOiJIUzI1NiIsInR5cCI6IkpXVCJ9.eyJ1bmlxdWVfbmFtZSI6IjEiLCJyb2xlIjoiQURNSU5JU1RSQVRPUiIsIm5iZiI6MTYzOTQwNjcxNCwiZXhwIjoxNjQwMjcwNzE0LCJpYXQiOjE2Mzk0MDY3MTR9.YQCfu37bTrOnnhhBqH0Z87P_hsmvFFqdrJeiAIRfVzE',1,NULL,NULL),('eyJhbGciOiJIUzI1NiIsInR5cCI6IkpXVCJ9.eyJ1bmlxdWVfbmFtZSI6IjEiLCJyb2xlIjoiQURNSU5JU1RSQVRPUiIsIm5iZiI6MTYzOTQxNDA4OCwiZXhwIjoxNjQwMjc4MDg4LCJpYXQiOjE2Mzk0MTQwODh9.IS94WxazoKrymXjYeOwZ0L-o10Qks1tvj_cnJ065exY',1,NULL,NULL),('eyJhbGciOiJIUzI1NiIsInR5cCI6IkpXVCJ9.eyJ1bmlxdWVfbmFtZSI6IjEiLCJyb2xlIjoiQURNSU5JU1RSQVRPUiIsIm5iZiI6MTYzOTQxNDUwNywiZXhwIjoxNjQwMjc4NTA3LCJpYXQiOjE2Mzk0MTQ1MDd9.QYgofeK8cS0WDl5TnWPsXE8is4q1D7_cvugAJM13Hco',1,NULL,NULL),('eyJhbGciOiJIUzI1NiIsInR5cCI6IkpXVCJ9.eyJ1bmlxdWVfbmFtZSI6IjEiLCJyb2xlIjoiQURNSU5JU1RSQVRPUiIsIm5iZiI6MTYzOTQxNzgzNiwiZXhwIjoxNjQwMjgxODM2LCJpYXQiOjE2Mzk0MTc4MzZ9.4F6EUZbRee4wkehLbm9WiSjmF3joOIYUTvxhrzX57Gk',1,NULL,NULL),('eyJhbGciOiJIUzI1NiIsInR5cCI6IkpXVCJ9.eyJ1bmlxdWVfbmFtZSI6IjEiLCJyb2xlIjoiQURNSU5JU1RSQVRPUiIsIm5iZiI6MTYzOTU0NzAzNSwiZXhwIjoxNjQwNDExMDM1LCJpYXQiOjE2Mzk1NDcwMzV9.yYS_piiG3f77p5z6QFNYZW0E9ewNQ0bAAq781fwcRzA',1,NULL,NULL),('eyJhbGciOiJIUzI1NiIsInR5cCI6IkpXVCJ9.eyJ1bmlxdWVfbmFtZSI6IjEiLCJyb2xlIjoiQURNSU5JU1RSQVRPUiIsIm5iZiI6MTYzOTU0OTIyNiwiZXhwIjoxNjQwNDEzMjI2LCJpYXQiOjE2Mzk1NDkyMjZ9.5MdiiMc90v3fRqC044AmMn2DiyBKnDK9ZXmvs-ydwrY',1,NULL,NULL),('eyJhbGciOiJIUzI1NiIsInR5cCI6IkpXVCJ9.eyJ1bmlxdWVfbmFtZSI6IjEiLCJyb2xlIjoiQURNSU5JU1RSQVRPUiIsIm5iZiI6MTYzOTU2Mjc3MiwiZXhwIjoxNjQwNDI2NzcyLCJpYXQiOjE2Mzk1NjI3NzJ9.qrjgbI7KMYGnLl0CKh3ZJ1ObtBkA69QSn4kFmFVWwUU',1,NULL,NULL);
/*!40000 ALTER TABLE `NHANVIENDANGNHAP` ENABLE KEYS */;
UNLOCK TABLES;

--
-- Table structure for table `PHIEUNHAPSANPHAM`
--

DROP TABLE IF EXISTS `PHIEUNHAPSANPHAM`;
/*!40101 SET @saved_cs_client     = @@character_set_client */;
/*!50503 SET character_set_client = utf8mb4 */;
CREATE TABLE `PHIEUNHAPSANPHAM` (
  `MAPHIEUNHAP` int NOT NULL AUTO_INCREMENT,
  `MASANPHAM` int NOT NULL,
  `MANHACUNGCAP` int NOT NULL,
  `SOLUONGNHAP` int NOT NULL,
  `NGAYNHAP` datetime NOT NULL,
  `TIENNHAP` float NOT NULL,
  `GHICHU` text,
  PRIMARY KEY (`MAPHIEUNHAP`),
  KEY `FK_REFERENCE_2` (`MASANPHAM`),
  KEY `FK_REFERENCE_4` (`MANHACUNGCAP`),
  CONSTRAINT `FK_REFERENCE_2` FOREIGN KEY (`MASANPHAM`) REFERENCES `SANPHAM` (`MASANPHAM`) ON DELETE RESTRICT ON UPDATE RESTRICT,
  CONSTRAINT `FK_REFERENCE_4` FOREIGN KEY (`MANHACUNGCAP`) REFERENCES `NHACUNGCAP` (`MANHACUNGCAP`) ON DELETE RESTRICT ON UPDATE RESTRICT
) ENGINE=InnoDB AUTO_INCREMENT=4 DEFAULT CHARSET=utf8mb4 COLLATE=utf8mb4_0900_ai_ci;
/*!40101 SET character_set_client = @saved_cs_client */;

--
-- Dumping data for table `PHIEUNHAPSANPHAM`
--

LOCK TABLES `PHIEUNHAPSANPHAM` WRITE;
/*!40000 ALTER TABLE `PHIEUNHAPSANPHAM` DISABLE KEYS */;
INSERT INTO `PHIEUNHAPSANPHAM` VALUES (3,1,1,200,'2021-11-19 17:56:41',1000000000,'');
/*!40000 ALTER TABLE `PHIEUNHAPSANPHAM` ENABLE KEYS */;
UNLOCK TABLES;

--
-- Table structure for table `SANPHAM`
--

DROP TABLE IF EXISTS `SANPHAM`;
/*!40101 SET @saved_cs_client     = @@character_set_client */;
/*!50503 SET character_set_client = utf8mb4 */;
CREATE TABLE `SANPHAM` (
  `MASANPHAM` int NOT NULL AUTO_INCREMENT,
  `TENSANPHAM` varchar(100) CHARACTER SET utf8 COLLATE utf8_general_ci NOT NULL,
  `MALOAI` int NOT NULL,
  `MATHUONGHIEU` int NOT NULL,
  `SOLUONGTON` int NOT NULL,
  `MOTA` text,
  `IMAGE` text,
  `THOIDIEMRAMAT` datetime DEFAULT NULL,
  `DONGIA` float DEFAULT NULL,
  `THOIGIANBAOHANG` int DEFAULT NULL,
  PRIMARY KEY (`MASANPHAM`),
  KEY `FK_REFERENCE_1` (`MALOAI`),
  KEY `FK_REFERENCE_3` (`MATHUONGHIEU`),
  CONSTRAINT `FK_REFERENCE_1` FOREIGN KEY (`MALOAI`) REFERENCES `LOAISANPHAM` (`MALOAI`) ON DELETE RESTRICT ON UPDATE RESTRICT,
  CONSTRAINT `FK_REFERENCE_3` FOREIGN KEY (`MATHUONGHIEU`) REFERENCES `THUONGHIEU` (`MATHUONGHIEU`) ON DELETE RESTRICT ON UPDATE RESTRICT
) ENGINE=InnoDB AUTO_INCREMENT=49 DEFAULT CHARSET=utf8mb4 COLLATE=utf8mb4_0900_ai_ci;
/*!40101 SET character_set_client = @saved_cs_client */;

--
-- Dumping data for table `SANPHAM`
--

LOCK TABLES `SANPHAM` WRITE;
/*!40000 ALTER TABLE `SANPHAM` DISABLE KEYS */;
INSERT INTO `SANPHAM` VALUES (1,'iPhone 13',1,1,100,'aasdasd','/mobile/Apple/iPhone/13','2021-09-14 07:00:00',30000000,1),(25,'Iphone 12',1,1,100,NULL,'/mobile/Apple/Iphone/12','2021-11-29 07:00:00',1000000,1),(26,'Iphone 11',1,1,100,NULL,'/mobile/Apple/Iphone/11','2021-11-29 07:00:00',1000000,1),(30,'Inspiron 7441',2,16,1,'1','/laptop/Dell/Inspiron/7441','2021-11-29 07:00:00',1000000,1),(31,'Galaxy S21',1,2,100,NULL,'/mobile/Samsung/Galaxy/S21','2021-12-02 07:00:00',22800000,1),(32,'Galaxy S20',1,2,100,NULL,'/mobile/Samsung/Galaxy/S20','2021-12-02 07:00:00',16000000,1),(37,'Galaxy ZFlip',1,2,100,NULL,'/mobile/Samsung/Galaxy/ZFlip','2021-12-02 07:00:00',23990000,1),(38,'Galaxy Note20',1,2,100,NULL,'/mobile/Samsung/Galaxy/Note20','2021-12-02 07:00:00',21500000,1),(39,'Mi 11',1,5,100,NULL,'/mobile/Xiaomi/Mi/11','2021-12-02 07:00:00',21900000,1),(40,'Reno 6',1,3,100,NULL,'/mobile/Oppo/Reno/6','2021-12-02 07:00:00',8589000,1),(41,'Galaxy Note10',1,2,100,NULL,'/mobile/Samsung/Galaxy/Note10','2021-12-02 07:00:00',7799000,1);
/*!40000 ALTER TABLE `SANPHAM` ENABLE KEYS */;
UNLOCK TABLES;

--
-- Table structure for table `TAIKHOANKHACHHANG`
--

DROP TABLE IF EXISTS `TAIKHOANKHACHHANG`;
/*!40101 SET @saved_cs_client     = @@character_set_client */;
/*!50503 SET character_set_client = utf8mb4 */;
CREATE TABLE `TAIKHOANKHACHHANG` (
  `USERNAME` varchar(300) CHARACTER SET utf8 COLLATE utf8_general_ci DEFAULT NULL,
  `PASSWORD` varchar(300) CHARACTER SET utf8 COLLATE utf8_general_ci DEFAULT NULL,
  `MAKHACHHANG` int NOT NULL,
  `TOKEN` varchar(4000) CHARACTER SET utf8 COLLATE utf8_general_ci DEFAULT NULL,
  `KICHHOAT` tinyint DEFAULT NULL,
  `GOOGLEID` varchar(300) DEFAULT NULL,
  PRIMARY KEY (`MAKHACHHANG`),
  CONSTRAINT `FK_REFERENCE_18` FOREIGN KEY (`MAKHACHHANG`) REFERENCES `KHACHHANG` (`MAKHACHHANG`) ON DELETE RESTRICT ON UPDATE RESTRICT
) ENGINE=InnoDB DEFAULT CHARSET=utf8mb4 COLLATE=utf8mb4_0900_ai_ci;
/*!40101 SET character_set_client = @saved_cs_client */;

--
-- Dumping data for table `TAIKHOANKHACHHANG`
--

LOCK TABLES `TAIKHOANKHACHHANG` WRITE;
/*!40000 ALTER TABLE `TAIKHOANKHACHHANG` DISABLE KEYS */;
INSERT INTO `TAIKHOANKHACHHANG` VALUES ('1','1',12,'eyJhbGciOiJIUzI1NiIsInR5cCI6IkpXVCJ9.eyJpZCI6IjEyIiwibmJmIjoxNjM5Mzg5NzYzLCJleHAiOjE2MzkzOTMzNjMsImlhdCI6MTYzOTM4OTc2M30.exZe-agGy5Oqn4gQlZg0DFkQJ5LPodff9bZI3YgxEmY',1,'115859594433831815967'),(NULL,NULL,14,NULL,1,'102749760174999637826');
/*!40000 ALTER TABLE `TAIKHOANKHACHHANG` ENABLE KEYS */;
UNLOCK TABLES;

--
-- Table structure for table `TAIKHOANNHANVIEN`
--

DROP TABLE IF EXISTS `TAIKHOANNHANVIEN`;
/*!40101 SET @saved_cs_client     = @@character_set_client */;
/*!50503 SET character_set_client = utf8mb4 */;
CREATE TABLE `TAIKHOANNHANVIEN` (
  `USERNAME` varchar(300) CHARACTER SET utf8 COLLATE utf8_general_ci NOT NULL,
  `PASSWORD` varchar(20) CHARACTER SET utf8 COLLATE utf8_general_ci NOT NULL,
  `MANHANVIEN` int NOT NULL,
  PRIMARY KEY (`USERNAME`),
  KEY `FK_REFERENCE_9` (`MANHANVIEN`),
  CONSTRAINT `FK_REFERENCE_9` FOREIGN KEY (`MANHANVIEN`) REFERENCES `NHANVIEN` (`MANHANVIEN`) ON DELETE RESTRICT ON UPDATE RESTRICT
) ENGINE=InnoDB DEFAULT CHARSET=utf8mb4 COLLATE=utf8mb4_0900_ai_ci;
/*!40101 SET character_set_client = @saved_cs_client */;

--
-- Dumping data for table `TAIKHOANNHANVIEN`
--

LOCK TABLES `TAIKHOANNHANVIEN` WRITE;
/*!40000 ALTER TABLE `TAIKHOANNHANVIEN` DISABLE KEYS */;
INSERT INTO `TAIKHOANNHANVIEN` VALUES ('1','1',1);
/*!40000 ALTER TABLE `TAIKHOANNHANVIEN` ENABLE KEYS */;
UNLOCK TABLES;

--
-- Table structure for table `THONGSOKITHUAT`
--

DROP TABLE IF EXISTS `THONGSOKITHUAT`;
/*!40101 SET @saved_cs_client     = @@character_set_client */;
/*!50503 SET character_set_client = utf8mb4 */;
CREATE TABLE `THONGSOKITHUAT` (
  `MATHONGSO` int NOT NULL AUTO_INCREMENT,
  `MASANPHAM` int NOT NULL,
  `TEN` varchar(45) CHARACTER SET utf8 COLLATE utf8_general_ci DEFAULT NULL,
  `NOIDUNG` varchar(500) CHARACTER SET utf8 COLLATE utf8_general_ci DEFAULT NULL,
  PRIMARY KEY (`MATHONGSO`),
  KEY `FK_THONGSOKITHUAT_SANPHAM_idx` (`MASANPHAM`),
  CONSTRAINT `FK_THONGSOKITHUAT_SANPHAM` FOREIGN KEY (`MASANPHAM`) REFERENCES `SANPHAM` (`MASANPHAM`)
) ENGINE=InnoDB AUTO_INCREMENT=8 DEFAULT CHARSET=utf8mb4 COLLATE=utf8mb4_0900_ai_ci;
/*!40101 SET character_set_client = @saved_cs_client */;

--
-- Dumping data for table `THONGSOKITHUAT`
--

LOCK TABLES `THONGSOKITHUAT` WRITE;
/*!40000 ALTER TABLE `THONGSOKITHUAT` DISABLE KEYS */;
INSERT INTO `THONGSOKITHUAT` VALUES (5,1,'1','1'),(6,1,'2','5'),(7,1,'chip','Apple A12 Bionic');
/*!40000 ALTER TABLE `THONGSOKITHUAT` ENABLE KEYS */;
UNLOCK TABLES;

--
-- Table structure for table `THUONGHIEU`
--

DROP TABLE IF EXISTS `THUONGHIEU`;
/*!40101 SET @saved_cs_client     = @@character_set_client */;
/*!50503 SET character_set_client = utf8mb4 */;
CREATE TABLE `THUONGHIEU` (
  `MATHUONGHIEU` int NOT NULL AUTO_INCREMENT,
  `TENTHUONGHIEU` varchar(30) CHARACTER SET utf8 COLLATE utf8_general_ci NOT NULL,
  `XUATXU` varchar(30) CHARACTER SET utf8 COLLATE utf8_general_ci DEFAULT NULL,
  `IMAGE` varchar(45) DEFAULT NULL,
  PRIMARY KEY (`MATHUONGHIEU`)
) ENGINE=InnoDB AUTO_INCREMENT=17 DEFAULT CHARSET=utf8mb4 COLLATE=utf8mb4_0900_ai_ci;
/*!40101 SET character_set_client = @saved_cs_client */;

--
-- Dumping data for table `THUONGHIEU`
--

LOCK TABLES `THUONGHIEU` WRITE;
/*!40000 ALTER TABLE `THUONGHIEU` DISABLE KEYS */;
INSERT INTO `THUONGHIEU` VALUES (1,'Apple','Mỹ','/thuonghieu'),(2,'Samsung','Hàn quốc','/thuonghieu'),(3,'Oppo','Trung quốc','/thuonghieu'),(4,'Vivo','Trung quốc','/thuonghieu'),(5,'Xiaomi','Trung quốc','/thuonghieu'),(6,'Sony','Nhật bản','/thuonghieu'),(7,'Vsmart','Việt nam','/thuonghieu'),(8,'NOKIA','Trung quốc','/thuonghieu'),(9,'Realme','Trung quốc','/thuonghieu'),(10,'ASUS','Đài loan','/thuonghieu'),(11,'Oneplus','Trung quốc','/thuonghieu'),(16,'Dell','Myx','/thuonghieu');
/*!40000 ALTER TABLE `THUONGHIEU` ENABLE KEYS */;
UNLOCK TABLES;

--
-- Table structure for table `VANCHUYEN`
--

DROP TABLE IF EXISTS `VANCHUYEN`;
/*!40101 SET @saved_cs_client     = @@character_set_client */;
/*!50503 SET character_set_client = utf8mb4 */;
CREATE TABLE `VANCHUYEN` (
  `MAVANCHUYEN` int NOT NULL AUTO_INCREMENT,
  `SOHOADON` int NOT NULL,
  `TRANGTHAI` text NOT NULL,
  PRIMARY KEY (`MAVANCHUYEN`),
  KEY `FK_REFERENCE_10` (`SOHOADON`),
  CONSTRAINT `FK_REFERENCE_10` FOREIGN KEY (`SOHOADON`) REFERENCES `HOADON` (`SOHOADON`) ON DELETE RESTRICT ON UPDATE RESTRICT
) ENGINE=InnoDB AUTO_INCREMENT=11 DEFAULT CHARSET=utf8mb4 COLLATE=utf8mb4_0900_ai_ci;
/*!40101 SET character_set_client = @saved_cs_client */;

--
-- Dumping data for table `VANCHUYEN`
--

LOCK TABLES `VANCHUYEN` WRITE;
/*!40000 ALTER TABLE `VANCHUYEN` DISABLE KEYS */;
INSERT INTO `VANCHUYEN` VALUES (10,65,'Đã giao');
/*!40000 ALTER TABLE `VANCHUYEN` ENABLE KEYS */;
UNLOCK TABLES;
/*!40103 SET TIME_ZONE=@OLD_TIME_ZONE */;

/*!40101 SET SQL_MODE=@OLD_SQL_MODE */;
/*!40014 SET FOREIGN_KEY_CHECKS=@OLD_FOREIGN_KEY_CHECKS */;
/*!40014 SET UNIQUE_CHECKS=@OLD_UNIQUE_CHECKS */;
/*!40101 SET CHARACTER_SET_CLIENT=@OLD_CHARACTER_SET_CLIENT */;
/*!40101 SET CHARACTER_SET_RESULTS=@OLD_CHARACTER_SET_RESULTS */;
/*!40101 SET COLLATION_CONNECTION=@OLD_COLLATION_CONNECTION */;
/*!40111 SET SQL_NOTES=@OLD_SQL_NOTES */;

-- Dump completed on 2021-12-17 10:23:42
